{
  "mods": {
    "1.7.10-Forge10.13.4.1614-1.7.10": {
      "[1.7.10]bspkrscore-universal-6.16.jar": true,
      "akka-actor_2.11-2.3.3": true,
      "asm-all-5.0.3": true,
      "authlib-1.5.13": true,
      "baubles-1.7.10-1.0.1.10.jar": true,
      "codechickenlib-1.7.10-1.1.3.138-universal.jar": true,
      "codecjorbis-20101023": true,
      "codecwav-20101023": true,
      "commons-codec-1.9": true,
      "commons-compress-1.8.1": true,
      "commons-io-2.4": true,
      "commons-lang3-3.1": true,
      "commons-lang3-3.3.2": true,
      "commons-logging-1.1.3": true,
      "config-1.2.1": true,
      "forgemultipart-1.7.10-1.2.0.347-universal.jar": true,
      "forgerelocation-1.7.10-0.0.1.4-universal.jar": true,
      "forgerelocationfmp-1.7.10-0.0.1.2-universal.jar": true,
      "gson-2.2.4": true,
      "guava-15.0": true,
      "guava-17.0": true,
      "httpclient-4.3.3": true,
      "httpcore-4.3.2": true,
      "icu4j-core-mojang-51.2": true,
      "jinput-2.0.5": true,
      "jopt-simple-4.5": true,
      "jutils-1.0.0": true,
      "launchwrapper-1.12": true,
      "libraryjavasound-20101123": true,
      "librarylwjglopenal-20100824": true,
      "liteloader-1.7.10-client.jar": true,
      "liteloader-1.7.10.jar": true,
      "log4j-api-2.0-beta9": true,
      "log4j-core-2.0-beta9": true,
      "lwjgl-2.9.1": true,
      "lwjgl_util-2.9.1": true,
      "lzma-0.0.1": true,
      "minecraft": true,
      "modpack": true,
      "mouse tweaks": true,
      "mrtjpcore-1.7.10-1.1.0.33-universal.jar": true,
      "netty-all-4.0.10.final": true,
      "realms-1.2.9": true,
      "scala-actors-migration_2.11-1.1.0": true,
      "scala-compiler-2.11.1": true,
      "scala-continuations-library_2.11-1.0.2": true,
      "scala-continuations-plugin_2.11.1-1.0.2": true,
      "scala-library-2.11.1": true,
      "scala-parser-combinators_2.11-1.0.1": true,
      "scala-reflect-2.11.1": true,
      "scala-swing_2.11-1.0.1": true,
      "scala-xml_2.11-1.0.2": true,
      "soundsystem-20120107": true,
      "trove4j-3.0.3": true,
      "twitch-5.16": true,
      "vecmath-1.3.1": true,
      "voxelcam": true,
      "voxelmap": true,
      "wecui": true
    }
  }
}