{
  "comment": "",
  "data": [
    {
      "comment": "",
      "input_fluid": {
        "comment": "Cream",
        "name": "grcmilk.cream",
        "amount": 1000
      },
      "output_fluid": {
        "comment": "Butter Milk",
        "name": "grcmilk.buttermilk",
        "amount": 500
      },
      "output_item": {
        "comment": "Butter (Unsalted)",
        "mod_id": "Growthcraft|Milk",
        "name": "grcmilk.Butter",
        "amount": 2,
        "meta": 0
      },
      "churns": 16
    }
  ]
}