{
  "comment": "",
  "data": [
    {
      "comment": "",
      "item": {
        "comment": "Bayanus Yeast",
        "mod_id": "Growthcraft|Cellar",
        "name": "grc.yeast",
        "amount": 1,
        "meta": 2
      },
      "input_fluid": {
        "comment": "Grape Wine",
        "name": "grc.grapewine1",
        "amount": 40
      },
      "output_fluid": {
        "comment": "Port Wine",
        "name": "grc.grapewine5",
        "amount": 40
      },
      "residue": {
        "pomace": 0.3,
        "comment": "Bone Meal",
        "mod_id": "minecraft",
        "name": "dye",
        "amount": 1,
        "meta": 15
      },
      "time": 20
    },
    {
      "comment": "",
      "item": {
        "ore": "cropWheat",
        "comment": "",
        "amount": 1,
        "meta": 32767
      },
      "input_fluid": {
        "comment": "Water",
        "name": "water",
        "amount": 40
      },
      "output_fluid": {
        "comment": "Ale",
        "name": "grc.hopale4",
        "amount": 40
      },
      "residue": {
        "pomace": 0.3,
        "comment": "Bone Meal",
        "mod_id": "minecraft",
        "name": "dye",
        "amount": 1,
        "meta": 15
      },
      "time": 1200
    },
    {
      "comment": "",
      "item": {
        "ore": "cropHops",
        "comment": "",
        "amount": 1,
        "meta": 32767
      },
      "input_fluid": {
        "comment": "Ale",
        "name": "grc.hopale4",
        "amount": 40
      },
      "output_fluid": {
        "comment": "Ale",
        "name": "grc.hopale0",
        "amount": 40
      },
      "residue": {
        "pomace": 0.0,
        "comment": "Bone Meal",
        "mod_id": "minecraft",
        "name": "dye",
        "amount": 1,
        "meta": 15
      },
      "time": 1200
    },
    {
      "comment": "",
      "item": {
        "comment": "Lager Yeast",
        "mod_id": "Growthcraft|Cellar",
        "name": "grc.yeast",
        "amount": 1,
        "meta": 1
      },
      "input_fluid": {
        "comment": "Ale",
        "name": "grc.hopale4",
        "amount": 40
      },
      "output_fluid": {
        "comment": "Lager",
        "name": "grc.lager0",
        "amount": 40
      },
      "residue": {
        "pomace": 0.0,
        "comment": "Bone Meal",
        "mod_id": "minecraft",
        "name": "dye",
        "amount": 1,
        "meta": 15
      },
      "time": 1200
    },
    {
      "comment": "",
      "item": {
        "comment": "Thistle",
        "mod_id": "Growthcraft|Milk",
        "name": "grcmilk.Thistle",
        "amount": 1,
        "meta": 0
      },
      "input_fluid": {
        "comment": "Water",
        "name": "water",
        "amount": 1000
      },
      "output_fluid": {
        "comment": "Rennet",
        "name": "grcmilk.rennet",
        "amount": 1000
      },
      "time": 1200
    },
    {
      "comment": "",
      "item": {
        "comment": "Stomach",
        "mod_id": "Growthcraft|Milk",
        "name": "grcmilk.Stomach",
        "amount": 1,
        "meta": 0
      },
      "input_fluid": {
        "comment": "Water",
        "name": "water",
        "amount": 1000
      },
      "output_fluid": {
        "comment": "Rennet",
        "name": "grcmilk.rennet",
        "amount": 1000
      },
      "time": 1200
    },
    {
      "comment": "",
      "item": {
        "comment": "Sugar",
        "mod_id": "minecraft",
        "name": "sugar",
        "amount": 1,
        "meta": 0
      },
      "input_fluid": {
        "comment": "Skim Milk",
        "name": "grcmilk.skimmilk",
        "amount": 250
      },
      "output_fluid": {
        "comment": "Pasteurized Milk",
        "name": "grcmilk.pasteurizedmilk",
        "amount": 250
      },
      "residue": {
        "pomace": 1.0,
        "comment": "Starter Culture",
        "mod_id": "Growthcraft|Milk",
        "name": "grcmilk.StarterCulture",
        "amount": 1,
        "meta": 0
      },
      "time": 1200
    },
    {
      "comment": "",
      "item": {
        "ore": "cropRice",
        "comment": "",
        "amount": 1,
        "meta": 32767
      },
      "input_fluid": {
        "comment": "Water",
        "name": "water",
        "amount": 40
      },
      "output_fluid": {
        "comment": "Sake",
        "name": "grc.ricesake0",
        "amount": 40
      },
      "residue": {
        "pomace": 0.2,
        "comment": "Bone Meal",
        "mod_id": "minecraft",
        "name": "dye",
        "amount": 1,
        "meta": 15
      },
      "time": 1200
    }
  ]
}